GPA,Gender,breakfast,calories_chicken,calories_day,calories_scone,coffee,comfort_food,comfort_food_reasons,comfort_food_reasons_coded,cook,comfort_food_reasons_coded.1,cuisine,diet_current,diet_current_coded,drink,eating_changes,eating_changes_coded,eating_changes_coded1,eating_out,employment,ethnic_food,exercise,father_education,father_profession,fav_cuisine,fav_cuisine_coded,fav_food,food_childhood,fries,fruit_day,grade_level,greek_food,healthy_feeling,healthy_meal,ideal_diet,ideal_diet_coded,income,indian_food,italian_food,life_rewarding,marital_status,meals_dinner_friend,mother_education,mother_profession,nutritional_check,on_off_campus,parents_cook,pay_meal_out,persian_food,self_perception_weight,soup,sports,thai_food,tortilla_calories,turkey_calories,type_sports,veggies_day,vitamins,waffle_calories,weight
3.654,1,1,610,3.0,420.0,2,"chocolate, chips, ice cream","Stress, bored, anger",1.0,3.0,1,1.0,I eat about three times a day with some snacks. I try to eat healthy but it doesn't always work out that- sometimes eat fast food and mainly eat at Laker/ Egan ,2,2.0,I eat out more than usual. ,1,2,2,2.0,4,1.0,2.0,Self employed ,Italian,1,1.0,"chicken and biscuits, beef soup, baked beans",1,4,4,4,5,"Grains, Veggies, (more of grains and veggies), small protein and fruit with dairy ","Try to eat 5-6 small meals a day. While trying to properly distribute carbs, protein, fruits, veggies, and dairy.  ",3,4.0,4,4,1.0,2.0,"Pasta, steak, chicken ",4.0,Nurse RN ,4,1.0,1,4,4.0,3.0,1.0,1.0,2,725.0,690,Basketball ,4,2,900,155
3.3,1,1,720,4.0,420.0,2,"frozen yogurt, pizza, fast food","stress, sadness",1.0,1.0,1,3.0,"toast and fruit for breakfast, salad for lunch, usually grilled chicken and veggies (or some variation) for dinner",3,1.0,sometimes choosing to eat fast food instead of cooking simply for convenience,1,3,2,3.0,5,2.0,2.0,owns business,italian,1,3.0,"mac and cheese, pizza, tacos",1,5,3,5,6,usually includes natural ingredients; nonprocessed food,i would say my ideal diet is my current diet,6,6.0,5,5,7.0,2.0,"chicken and rice with veggies, pasta, some kind of healthy recipe",2.0,owns business,4,2.0,1,3,5.0,6.0,1.0,2.0,5,1165.0,500,none,5,1,900,I'm not answering this. 
3.5,1,1,720,2.0,420.0,2,"Ice cream, chocolate, chips ","Stress, boredom, cravings ",1.0,1.0,1,2.0,I try to eat healthy but often struggle because of living on campus. I still try to keep the choices I do make balanced with fruits and vegetables and limit the sweats. ,2,2.0,I have eaten generally the same foods but I do find myself eating the same food frequently due to what I have found I like from egan and the laker. ,3,4,2,2.0,4,1.0,4.0,IT,Italian ,1,3.0,"Pasta, chicken tender, pizza ",1,4,4,4,6,"A lean protein such as grilled chicken, green vegetables and  brown rice or other whole grain ",Ideally I would like to be able to eat healthier foods in order to loose weight. ,2,6.0,2,5,1.0,1.0,"Chicken Parmesan, Pulled Pork, Spaghetti and meatballs ",5.0,Substance Abuse Conselor,3,1.0,1,4,2.0,4.0,1.0,1.0,4,940.0,500,Softball,4,2,760,190
3.8,2,1,610,3.0,420.0,2,"Chocolate, ice cream, french fries, pretzels","stress, boredom",1.0,2.0,1,1.0,"I eat a lot of chicken and broccoli for dinner, and usually tuna sandwiches for lunch.",3,1.0,I started eating a lot less and healthier because I wasn't playing sports year round anymore.,2,5,2,3.0,5,1.0,4.0,Assembler ,Thai,4,1.0,"grilled chicken, hamburgers",1,4,4,5,4,"Protein, vegetables, fruit, and some carbs","I would ideally like to eat more fresh fruits and vegetables. However, its difficult to get to the store all the time to buy fresh.",2,4.0,5,5,8.0,1.0,"Grilled chicken, steak, pizza",4.0,Journalist,4,2.0,2,2,5.0,4.0,1.0,1.0,5,940.0,690,soccer,4,1,1315,180
3.3,1,1,720,3.0,420.0,1,"Ice cream, cheeseburgers, chips.","I eat comfort food when im stressed out from school(finals week), when I`m sad, or when i am dealing with personal family issues.",1.0,3.0,1,1.0,"I eat a very healthy diet. Ocassionally, i will eat out and get unhealthy food.",1,2.0,"Freshmen year i ate very unhealthy, but now it is much healthier because of self control.",2,5,2,2.0,2,2.0,3.0,Business guy,Anything american style.,5,1.0,"chicken, cheesey potatoes, and hot dogs",1,5,2,3,3,A healthy meal has a piece of meat followed by a lot of fruit and veggies,My ideal diet is filled with a lot of fruit and chicken. I also really enjoy eggs any type of way with toast.,2,5.0,1,3,3.0,1.0,"chicken, steak, pasta ",2.0,cook,4,1.0,1,5,1.0,3.0,1.0,2.0,1,725.0,500,none,4,2,1315,137
3.3,1,1,430,3.0,315.0,2,"Mac and cheese, chocolate, and pasta ","Stress, anger and sadness ",1.0,3.0,1,1.0,"I eat healthy all the time when possible. I treat myself occasionally. I don't really like the greasy meals, if anything I would eat sweets over the greasy meals.  ",1,1.0,I cook a lot of my own foods back at home so not being able to cook my own healthy choices. I eat more carbs than normal when I'm at college due to the choices given in the cafe. ,1,3,3,3.0,5,1.0,5.0,commissioner of erie county ,Italian ,1,1.0,"Pasta, Eggs, Pancakes ",1,5,1,5,3,Chicken and rice with a side of veggies. ,"Lots of protein, carbs, and fruits and veggies. ",2,4.0,4,5,3.0,2.0,pasta salad and bread,5.0,Pharmaceutical rep,5,1.0,3,3,4.0,3.0,1.0,1.0,4,580.0,345,field hockey,5,1,900,125
3.5,1,1,610,3.0,980.0,2,"Pasta, grandma homemade chocolate cake anything homemade ",Boredom ,2.0,1.0,2,1.0,i eat very healthy. Maybe eat out 1-2 times a week.,1,2.0,Nun ,3,4,2,1.0,5,1.0,2.0,Idk,Orange chicken and chow mani noodles ,4,1.0,Chicken,1,5,3,1,9,"Chicken, and veggies ","Chicken, fish ",7,3.0,1,5,8.0,1.0,"chicken al king, spaghetti, fish",4.0,Chidos Cleaners,2,3.0,1,2,2.0,1.0,1.0,1.0,2,940.0,345,soccer,5,2,900,116
3.904,1,1,720,4.0,420.0,2,"chocolate, pasta, soup, chips, popcorn","sadness, stress, cold weather",3.0,3.0,3,1.0,"I am very health concious. I eat many fruits, veggies, and protiens. ",1,1.0,Less meat. ,4,5,1,2.0,5,1.0,3.0,Home Marker ,Italian,1,1.0,Scalloped potatoes and ham ,1,5,2,5,1,"lean protein, veggies, fruit, complex carbs",More healthy varienty. ,2,5.0,5,5,1.0,2.0,"Chicken parm, Fish, Pasta dishes ",4.0,Court Reporter ,5,1.0,1,3,5.0,2.0,1.0,1.0,5,940.0,500,Running,5,1,900,110
3.4,2,1,430,3.0,420.0,2,"Cookies, popcorn, and chips","Sadness, boredom, late night snack ",3.0,5.0,3,1.0,I focus mostly on proteins and fruits. I eat a lot less vegetables and a few carbohydrates.,1,2.0,I have been eating a lot more salads and soups.,2,5,1,3.0,4,3.0,3.0,Shirt designer ,Chinese ,4,3.0,"Pizza, chicken wings, and corn on the cob ",1,4,1,3,9,A salad with a reasonable amount of dressing and a meat.,My ideal diet would be the proper portions of all food categories. I would also like to eat proteins around my workouts and avoid all deserts.,1,5.0,3,4,9.0,2.0,"Cereal, pizza, toast ",4.0,Child care provider ,2,1.0,2,2,3.0,5.0,2.0,1.0,3,940.0,500,Soccer and basketball ,3,2,575,264
3.6,1,1,610,3.0,420.0,2,"ice cream, cake, chocolate","stress,  boredom, special occasions",1.0,2.0,1,1.0,Not as healthy when I am at school compared to home. Still very aware of the nutrition I am taking in.,2,2.0,not as healthy because healthy food goes bad quickly and it is expensive,1,3,4,2.0,5,2.0,2.0,business owner,italian,1,1.0,"steak, lasagna, crab",1,5,3,4,8,Lots of vegetabls with some grains like rice. Also has lean meat such as fish or chicken.,organic/healthy. fruits and vegetables but still protein to give sustainance. ,2,5.0,3,5,10.0,2.0,"pasta, chicken, steak",4.0,business owner,2,2.0,2,3,3.0,3.0,1.0,1.0,5,1165.0,850,intramural volleyball,5,2,1315,123
3.1,2,1,610,3.0,420.0,2,"Pizza, fruit, spaghetti, chicken and Potatoes  ","Friends, environment and boredom",2.0,3.0,2,1.0,"Making sure I have enough protein intake, as well with fibre, vitamins and carbs. ",1,2.0,"I knew I would eat alot my freshmen year, before coming to college i had a diet plan. ",3,4,2,3.0,4,2.0,4.0,Commidity trader ,Chinese ,4,3.0,Pizza,1,5,3,4,2,Green and not greasy,"Eat a little less than I usually do, and intaking more protein. ",1,5.0,2,3,1.0,1.0,"Pizza, chicken and rice, roast beef.",4.0,Charity worker,2,2.0,2,3,1.0,3.0,1.0,1.0,4,940.0,500,Hockey,5,1,900,185
3.6,2,1,430,3.0,980.0,2,"chips, cookies, ice cream","I usually only eat comfort food when I'm bored, if i am doing something, i can go for hours without eating ",2.0,3.0,2,1.0,My current diet is eggs and a meat every morning for breakfast. For lunch ill usually have some pasta or rice with a meat and sometimes a side of veggies. for dinner i usually eat less carbs and more protein and veggies. ,3,2.0,"I would say i just eat a little more, but not in a bad way. I have unlimited swipes at the cafe so instead of snacking on chips before lunch or dinner i will get something from the cafe.",1,2,2,3.0,4,1.0,2.0,self employed construction ,American or Italian ,5,3.0,"chicken fingers, steak, mac and cheese",1,3,1,3,8,"for me usually a big piece of chicken or steak with a side of veggies, and i usually have rice with mine as well","I like how my diet it now. However, after my season i am going to cut back on some carbs because i won't be working out as much.",1,6.0,3,5,7.0,2.0,Grilled chicken or steak with veggies and rice. or some type of pasta and chicken ,2.0,stay at home mom,4,1.0,1,6,2.0,2.0,1.0,1.0,3,940.0,500,hockey,4,2,900,170
3.4,1,1,720,3.0,980.0,1,"Chocolate, ice crea ","Sadness, stress",3.0,3.0,3,1.0,I eat lots of fruit and veggies. I eat lots of chicken.,1,1.0,I ate at the food hall.,4,6,3,2.0,1,3.0,5.0,Engineer,Chicken ,5,3.0,Chicken,1,5,2,3,6,Everything from food group ,Lots of fruit and veggies. Lots of chicken.,2,5.0,1,5,9.0,2.0,"Spaghetti, Chicken, Steak",3.0,Daycare provider,2,1.0,1,2,1.0,3.0,2.0,2.0,1,1165.0,690,dancing ,5,1,1315,135
3.3,2,1,610,3.0,980.0,2,"Fast food, pizza, subs","happiness, satisfaction",7.0,5.0,7,1.0,"I eat 2 meals a day, lunch and dinner",2,2.0,Late night food,1,3,4,2.0,4,1.0,5.0,CFO,Mexican,2,3.0,"pizza, chicken fingers",1,2,2,2,5,"Rice, Meat, vegetable",3 smaller meals a day,1,6.0,1,4,2.0,1.0,"Chicken, Pasta, Veal",4.0,Teacher,2,1.0,1,2,1.0,6.0,1.0,1.0,1,1165.0,850,Soccer,3,2,1315,175
3.7,2,1,610,3.0,420.0,1,"burgers, chips, cookies","sadness, depression ",3.0,5.0,3,2.0,balanced ,1,1.0,got worse ,1,3,1,2.0,3,1.0,4.0,accountant ,italian ,1,1.0,pasta,2,4,1,4,2,"pasta. veg, water ","fruit, veg and protien ",2,6.0,5,5,5.0,1.0,"pasta, pizza ",4.0,Underwiriter ,3,1.0,3,5,2.0,2.0,1.0,1.0,4,940.0,850,tennis soccer gym,3,1,1315,185
3.7,2,2,610,3.0,420.0,2,"Chilli, soup, pot pie",Stress and boredom ,1.0,4.0,1,1.0,2 meals a day. Rarely eat snacks. Fairly balanced diet. ,1,1.0,Drink coffee all the time. ,1,7,2,2.0,5,3.0,4.0,Commercial Real Estate,Asian ,4,1.0,Chicken Nuggets,1,3,3,2,4,"Protein, vegetables, grains ",3 healthy meals a day. No caffiene. ,1,4.0,4,5,5.0,1.0,"Pizza, Pasta, Poutine",2.0,Beautician ,2,1.0,2,3,2.0,3.0,1.0,1.0,4,940.0,690,Gaelic Football,4,1,1315,185
2.8,1,2,720,3.0,420.0,2,"chocolate, ice cream/milkshake, cookies",boredom,2.0,3.0,2,1.0,"vegetarian, eat breakfast some days before class, can eat a lot of junk food so I refrain from allowing myself to buy any",1,1.0,"none, I have dormed since high school",3,4,2,3.0,2,1.0,4.0,VP of ,don't have one,0,3.0,"Chicken parm, beef stroganof, tacos",1,4,1,3,8,"good portions, lots of color, targets main food groups","healthy, colorful, tasty, room for desserts",2,6.0,3,3,5.0,1.0,"PastaTake out",3.0,Medical biller,4,1.0,1,3,3.0,3.0,1.0,1.0,3,1165.0,690,Ice hockey,3,2,760,125
3.7,2,1,610,2.0,420.0,1,"Chips, ice cream, microwaveable foods ","Boredom, lazyniss ",2.0,3.0,2,1.0,"Most healthy diet, but since I'm an athlete have room for some bad foods to burn off quickly ",1,1.0,Tend to eat more fried foods ,1,3,2,2.0,2,1.0,4.0,Beverage and Food Sales,Italian food ,1,1.0,"Chicken Parm, Pizza ",1,3,2,1,9,"A rice, a vegetable, a piece of meat ","Very healthy diet, and to cook at home with organic foods. ",5,5.0,1,5,9.0,2.0,Chicken parm ,2.0,Doctors Billing Assiant ,2,1.0,1,4,1.0,2.0,2.0,1.0,2,1165.0,850,Hockey,3,2,1315,160
3,2,1,610,4.0,980.0,2,"Chicken fingers, pizza ",Boredom ,2.0,4.0,2,1.0,Very healthy. Good balance of proteins and vegetables ,1,2.0,A lot healthier ,2,5,2,3.0,3,1.0,5.0,Dentist ,Mexican ,2,1.0,Steak,1,5,1,3,9,"Salad, vegetable, carb, protein ",My current diet,6,6.0,3,4,9.0,2.0,"Steak, lobster, chicken ",5.0,Dentist ,4,1.0,1,6,2.0,2.0,1.0,1.0,3,1165.0,500,Lacrosse ,5,1,1315,175
4,2,1,610,3.0,420.0,2,"chips and dip, pepsi, ","stres, boredom, and nighttime",1.0,2.0,1,1.0,"Diet consists of 3000-4000 calories a day well rounded from meats, vegetables, and fruit.",2,2.0,none,3,4,2,3.0,5,2.0,4.0,deceased,italian,1,1.0,chicken and biscuits,1,5,2,5,5,"4-6 ounces chicken or fish, side of potatoes, and green beans","diet of 1500-2000 calories of white meat, vegetables, and fruit that are all fresh and not processed",1,4.0,4,5,3.0,1.0,"Chicken, Steak, Pasta",2.0,management,4,4.0,1,3,3.0,4.0,2.0,2.0,4,940.0,690,none organized,5,1,1315,205
3.65,1,1,610,3.0,420.0,2,"french fries, chips, ice cream","boredom, stressed, sad",2.0,4.0,2,1.0,egan dining,2,1.0,poor,1,3,3,3.0,2,1.0,4.0,Vice President of a company,French,1,3.0,"hamburgers, chicken nuggets ",1,5,1,3,1,a lot of greens,healthy and protien,7,6.0,1,5,3.0,1.0,"pasta, lasagna, chicken ",4.0,stylist,4,1.0,5,4,1.0,2.0,1.0,1.0,3,940.0,345,softball,4,1,1315,150
3,1,1,610,2.0,420.0,2,"mac n cheese, peanut butter and banana sandwich, omelet",Boredom usually,2.0,1.0,2,1.0,"A lot of rice and veggies, eggs for breakfast, chicken is usually the only kind of meat I eat.",3,1.0,My diet is more limited just because of what I have time to make,1,3,2,3.0,2,1.0,4.0,Owns his own promotional company ,American or Italian,5,1.0,"chicken, pasta, stir fry",1,5,3,3,2,"Some kind of protein, a vegetable, and a grain",Pretty much what I eat now,6,4.0,1,5,3.0,2.0,"Some kind of pasta, a chicken dish, some kind of salad",4.0,Works in retail,2,2.0,1,3,2.0,2.0,1.0,1.0,2,940.0,690,Lacrosse,5,2,760,150
3.4,1,1,720,4.0,420.0,2,"chocolate, chips, candy",Stress,1.0,2.0,1,6.0,"I do not get to eat as well as I did.  I wish I ate better, but in college it is hard because of money.",2,2.0,I do not eat as many home cooked meals.,1,3,2,2.0,4,3.0,2.0,Construction ,Italian,1,1.0,Pasta,1,3,4,5,4,"A protein, starch, veg, and a healthier dessert. ",I would like to get all of the food groups in each day.  ,2,6.0,3,5,2.0,2.0,"Pasta, Pizza, Chicken ",3.0,Head of Human Resouces,4,1.0,1,4,3.0,4.0,1.0,1.0,5,940.0,500,Dancing,4,2,1315,170
3.89,1,1,610,3.0,980.0,2,"chocolate, popcorn, ice cream","boredom, stress",2.0,3.0,2,1.0,I eat three meals per day usually. I eat a lot of sandwiches and fruit.,1,1.0,I have eaten bigger meals.,1,2,2,3.0,4,2.0,4.0,Biohemical Waste Elimination,italian,1,1.0,chicken parmesan,1,4,4,3,6,a lean protein plus the addition of 2-3 fruits and vegetables,My ideal diet would be eating multiple fruits and vegetables at each meal. Also I would only eat lean protein if possible.,2,5.0,3,5,8.0,2.0,"Chicken Parmesan, Orange Chicken, Tacos",4.0,Accountant,4,1.0,1,3,3.0,4.0,1.0,1.0,2,1165.0,690,Lacrosse,3,2,1315,150
3.4,2,1,430,3.0,315.0,1,"Pizza, Ice cream, fries, cereal, cookies  ",Usually if I'm sad or depressed. ,3.0,3.0,3,1.0,"I will eat a full bleakest every morning consisting of eggs, potatoes, and a type of meat with juice. I will have a sandwich or something light for lunch. For dinner I will have meat and vegetables of some sort.  ",3,2.0,I eat pretty much the same as I use too. I do have more sweets now though. ,1,9,2,3.0,4,1.0,4.0,Small business owner ,Italian ,1,1.0,"pizza, ice cream. pop tarts ",1,3,1,5,10,A meal with all of the food groups. ,Idealy I would have basically the same breakfast as I do now just with more fruits. For lunch I would have more vegetables and fruits. For dinner I would have the same.   ,2,6.0,3,5,8.0,1.0,"Pizza, Japanize Hibachi, Moes   ",4.0,Middle school teacher,3,1.0,1,3,3.0,2.0,1.0,1.0,3,940.0,500,wrestling ,4,2,760,140
3.2,1,1,610,4.0,420.0,2,"Potato chips, ice cream, chocolate, cookies","Stress, boredom, craving",1.0,1.0,1,1.0,"I am on a very balanced diet, eating 4-5 small meals a day filled with fruits, vegetables, lean meat, and good carbs. ",1,1.0,"I haven't changed much. If anything, I have become more disciplined. ",2,4,2,2.0,5,1.0,4.0,Electrical Engineer,Thai food,4,1.0,"Mac and Cheese, Hot Dogs, Grilled Cheese",1,5,4,5,8,Mostly green!,"My ideal diet would be to be a vegetarian; however, considering my highly active lifestyle island strength requirement I need as much ""real"" protein I can get. ",7,5.0,5,5,10.0,1.0,"Steak, asparagus and potatoes, homemade chicken alfredo, Mexican cuisine",2.0,Secretary,4,2.0,1,6,5.0,3.0,1.0,1.0,5,725.0,500,Volleyball,5,1,760,170
3.8,2,1,430,2.0,420.0,1,"popcorn, chips, candy, & fries ","sadness, boredom, & anger ",3.0,3.0,3,1.0,At school I eat a lot of pizza or burgers with fries. Occasionally I try to have a salad or a fruit juice with this. I also try to eat more of a home cooked meal with vegetables.,2,2.0,Eating more pizza and burgers or fast food.  ,1,2,2,2.0,4,2.0,3.0,subcontractor ,Italian ,1,1.0,"chicken soup,  perogies, & roast beef  ",1,4,1,4,4,A meal that you have cooked yourself without a lot of grease or fat in it.  ,More of a home cooked meal that is not very greasy. Also includes more fruits and vegetables. ,5,4.0,3,5,4.0,1.0,"Spaghetti, steak, burgers ",4.0,telemarketer ,3,1.0,2,3,3.0,3.0,1.0,1.0,3,725.0,345,soccer ,4,2,900,168
3.3,2,1,610,4.0,980.0,1,Burger,Lazy,5.0,3.0,5,1.0,Great ,4,1.0,Mediocre ,1,3,3,3.0,5,1.0,2.0,President of Automotive company ,All ,0,1.0,Steak ,1,5,2,5,8,Chicken ,Organic ,5,6.0,5,5,8.0,1.0,"Steak, Chicken, Pasta ",2.0,Stay home,5,1.0,1,3,5.0,2.0,1.0,1.0,5,1165.0,500,Hockey,4,1,1315,185
3.5,2,1,610,3.0,420.0,2,"peanut butter sandwich, pretzals, garlic bread","stress, anger and boredom",1.0,1.0,1,2.0,Very healthy and clean. A lot of protein and vegetables,1,1.0,I eat a lot more healthier,2,5,3,3.0,5,1.0,4.0,Sergeant correctional officer,Italian,1,1.0,Chicken Alfredo,2,5,2,5,10,High protein and vegetables,Clean diet. High protein intake.,7,6.0,4,5,10.0,1.0,"Chicken, Steak, Pasta",5.0,Teacher,4,1.0,1,6,2.0,2.0,1.0,1.0,4,940.0,690,hockey,5,1,900,165
3.8,2,1,720,4.0,315.0,2,"Pizza, Ice Cream, Chicken Wings",I usually only eat comfort foods when I am bored. I will also eat them when I am happy to celebrate and then when I am sad to comfort me.,2.0,3.0,2,1.0,I usually eat very healthy. I incorporate fresh fruits and vegetables into every meal.,1,1.0,I have begun to eat more fruits and vegetables because I have been more aware of my physique.,2,5,4,3.0,5,1.0,4.0,Salesman,Thai,4,1.0,Meatloaf,1,5,4,4,1,Low protein and carbs and high in vegetables and fruits.,My ideal diet is to cut back on my meat intake and substitute it for other protein sources such as fish or tuna.,2,6.0,5,5,1.0,1.0,"Chicken, Beef, Steak",4.0,Nurse,4,2.0,1,4,4.0,2.0,1.0,1.0,5,1165.0,500,Hockey,5,1,1315,175
2.8,1,1,610,4.0,980.0,2,Pizza chocolate chips bagels ice Capps ,Just cause ,9.0,2.0,9,1.0,I eat very heathy on a daily basis ,1,1.0,Really paid more attention to what I eat cause it is easy to gain ,2,5,3,2.0,2,1.0,2.0,Owns his business,Wraps ,5,3.0,Pizza pasta and quesadillas ,2,4,2,5,9,Chicken and broccoli ,"Fruits and vegetables, wheat bread, peanut butter, protein bars, protein shakes ",2,5.0,2,5,10.0,1.0,"chicken, pizza, stuffed shells",4.0,Sales,5,1.0,1,3,1.0,2.0,2.0,1.0,2,725.0,345,softball,4,1,1315,140
3.5,1,1,610,3.0,420.0,2,"Chocolate, ice cream, pasta","Stress, boredom, sadness",1.0,1.0,1,2.0,"For breakfast I have oatmeal. For lunch I have a sandwich and fruit. For dinner I usually have a piece of meat, rice or pasta, and a vegetable. ",3,2.0,More easy meals like pasta.,1,11,2,2.0,5,2.0,4.0,Physical Therapist,Mexican,2,1.0,Steak,2,5,3,5,4,"Fruit, vegetables, and protien",Ideally my diet would be similar to what I eat now. If I wasn't on a college budget I could spend more money on nicer meat and vegetables which would make my meals a lot better.,6,5.0,5,5,1.0,1.0,"steak, noodles, edemame",5.0,Elementary School Principal,2,2.0,1,4,4.0,3.0,1.0,1.0,5,1165.0,690,Skiing,5,1,1315,155
3.6,1,1,610,4.0,420.0,2,"peanut butter, dessets, pretzels. ","Sadness, boredom, lonely.",3.0,2.0,3,1.0,"My diet consists of fruits, vegetables, grains, dairy, and proteins.",1,2.0,At first I ate less but now that I'm in season playing a sport I eat more.,3,4,5,3.0,5,1.0,4.0,Construction management ,Mexican ,2,1.0,lasagna,1,5,1,4,3,Half the plate fruit and vegetables. Other half grains and protein. Then a little dairy. ,The way I eat now I think is pretty good.,6,6.0,1,5,5.0,1.0,"Lasagna, steak, chili ",4.0,X-ray tech,4,1.0,1,3,1.0,2.0,1.0,1.0,1,1165.0,690,Water polo and running ,5,1,1315,135
3.9,2,1,610,4.0,980.0,2,"ice cream, cookies, ice cream","boredom, sadness",2.0,3.0,2,1.0,I try to eat as healthy as possible. 3 meals a day that are well-balanced.,1,1.0,As an athlete it is important to fuel my body with important foods only.,2,5,5,2.0,2,1.0,2.0,police force,Italian,1,1.0,"Pizza, Pasta, Chicken",1,4,4,3,2,"high protein, low fat, low carbs and sugar","High protein, low fat",7,6.0,2,5,1.0,1.0,"pasta, chicken, vegetables",2.0,Legal assistant,4,1.0,2,3,2.0,2.0,1.0,1.0,2,1165.0,850,Ice Hockey,4,1,1315,210
3.5,1,1,610,3.0,420.0,1,"cookies, nutella, ice cream, coffee, fruit ","Bordem, happiness, sadness",2.0,1.0,2,1.0,"I eat fruit and vetagables with every meal. I only drink water, no soda. I tend to stay away from greasy food. ",1,1.0,"I ate more junk food, but also more fruit. ",1,3,3,2.0,4,1.0,2.0,Owner of New York Lunch,Chinese cuisine (General Tso's),4,3.0,"chicken stir fry, spaghetti, chicken parmesan ",1,5,2,4,3,Meal prep'd foods with food from each section on the food pyramid. ,"I want to eliminate all the junk food I ate. Besides that, I want to keep my diet the same. ",5,2.0,3,5,1.0,2.0,1. pasta 2. spaghetti 3. chicken and rice ,2.0,CNA ,4,1.0,1,2,3.0,4.0,2.0,1.0,3,940.0,500,Volleyball,5,1,760,140
3.6,1,1,610,2.0,420.0,1,"Ice cream, cake, mozzarella sticks, pierogies ",Boredom,2.0,4.0,2,1.0,I typically try to eat healthy but being away at school makes it harder. I try to avoid junk food as well and trying to only eat it on the weekends.,2,2.0,I eat a lot less than I did at home but find myself snacking more than actual meals. ,1,3,3,2.0,5,2.0,2.0,Truck Driver ,Italian ,1,1.0,"Mac&Cheese, Chicken Nuggets ",1,5,2,2,2,"It has protein, vegetables and some carbs ",I would like to get more protein in me. I would also like to eat healthier more consistently rather than here and there. ,7,5.0,2,4,2.0,2.0,"Lasagna, Pizza, Pasta ",3.0,Project Manager ,2,1.0,2,4,1.0,2.0,1.0,1.0,2,940.0,690,"Recreational Basketball, Equestrian Team",5,2,1315,144 lbs
3.2,1,1,430,3.0,315.0,1,"Chips, Mac and cheese, pizza, French fries ","Stress, sadness, bored ",1.0,3.0,1,1.0,My current diet is balanced and includes food from all the food groups. ,1,2.0,I don't eat as healthy because there aren't as many healthy options at the dinning hall. ,1,3,1,3.0,4,1.0,5.0,Dentist ,Italian ,1,1.0,"Pasta, pizza, meatballs ",1,5,1,3,8,"Balanced between protein, veggies, and carbs",My ideal diet is a diet that makes me feel good but also allows me to eat junk food once in a while. ,3,6.0,2,5,8.0,2.0,"pasta, chicken parm, tacos ",5.0,school teacher,3,1.0,1,4,2.0,3.0,1.0,1.0,4,725.0,500,soccer,5,2,760,145
3.73,1,1,610,3.0,980.0,2,"Broccoli, spaghetti squash, quinoa, and grilled chicken","Bad day, bored, sadness",2.0,3.0,2,1.0,Healthy and light,1,1.0,I don't eat as often,1,8,1,2.0,5,2.0,4.0,Retired - Bus Driver,Italian,1,1.0,Pizza and Spaghetti,2,5,3,5,3,"A vegetable, a protein, and a fruit",Healthy and light,1,3.0,5,5,2.0,2.0,"Pizza, Italian, anything chicken related",2.0,Stay-At-Home Mom,2,1.0,1,3,5.0,3.0,1.0,1.0,5,1165.0,500,Rec Volleyball,5,1,1315,140
3.79 bitch,2,1,720,4.0,420.0,2,"Chips, ice cream","Boredom, stress",2.0,1.0,2,1.0,I have a diet of meats and other high protein foods. ,2,2.0,I stopped drinking soda and only drink water now,2,12,4,3.0,3,1.0,4.0,Risk Manager,Mexican,2,1.0,Pizza,1,3,2,3,1,"Protein source, vegetables, fruits, whole grains",A balanced diet with each food group. Getting enough protein and carbohydrates.,3,6.0,1,5,2.0,2.0,"chipotle, chick fil a, chicken and rice",2.0,Customer Service,5,3.0,1,3,1.0,3.0,1.0,1.0,2,1165.0,850,baseball,4,1,1315,200
3,1,1,610,3.0,420.0,2,"mac and cheese, potato soup, ice cream, chips and cheese","sadness, stressed, boredom",3.0,3.0,3,1.0,I normally eat a salad every day. I try to get at least every food group into my diet,1,1.0,I do not eat as many fruits and vegetables as I normally would as being home even though i do eat them still,1,3,2,2.0,5,1.0,4.0,car salesman,italian ,1,1.0,"salad, chicken, pizza",1,5,1,3,6,"grilled meat, fruit, vegetable, and some grains",Eating all fruits and vegetables. Staying away from all the unhealthy foods.,2,5.0,4,5,9.0,2.0,"Chicken, Spaghetti, Hamburgers",4.0,RN,4,1.0,2,4,3.0,3.0,1.0,2.0,4,940.0,500,I danced in high school,4,1,900,120
3.7,1,2,610,3.0,420.0,1,"chocolate, pizza, and mashed potatoes",boredom and stress,2.0,2.0,2,1.0,Current diet is rather poor.  I eat a lot of chicken and carbs.  I also tend to eat a lot of desserts.,2,2.0,"I eat less healthy breakfast now, usually just grab something quick like a granola bar.",1,3,2,2.0,2,2.0,2.0,dairy farmer,american ,5,3.0,"pizza, mashed potatoes, chocolate chip cookies",1,4,4,2,4,a plate that has a variety of colors not just one color,"My idea diet would consist of eating more balanced diet consisting of fruits, vegetables, and meat.  I would like to not eat so much unhealthy junk food/desserts.",3,3.0,1,5,4.0,1.0,"chicken, steak, pizza",5.0,program director,3,2.0,1,3,1.0,4.0,2.0,1.0,1,1165.0,690,horse back riding,2,2,1315,150
3.1,2,2,265,2.0,420.0,1,Pizza cookies steak ,Boredom comfort hunger ,2.0,2.0,2,1.0,Meat carbs and candy ,2,2.0,Expansion of eating variety ,2,13,2,2.0,1,2.0,2.0,Dairy Farmer ,American ,5,2.0,Pizza and wings ,1,3,4,1,4,Meat and potatoes ,Meat carbs and candy ,7,3.0,1,4,5.0,2.0,"Steak, Pizza, Haddock ",5.0,Programs coordinator ,1,1.0,1,3,1.0,3.0,2.0,1.0,2,725.0,345,Basketball ,2,2,900,200
3,1,1,720,3.0,420.0,2,"chocolate, fruit, and ice cream","stress, boredom",1.0,2.0,1,1.0,"At school its hard but usually a granola bar and fruit for breakfast, a wrap for dinner or lunch, and then veggies and hummus.",3,1.0,not going to Egan every meal maybe once a day,1,2,2,2.0,3,1.0,2.0,self employed,Japanese,4,1.0,"tacos, pizza, chicken wing dip",2,5,2,4,8,"good portions of fruit, protein, veggies and carbs",To eat moderations of every food group each day and no processed food,3,5.0,3,4,8.0,2.0,"mexican chicken, hibachi chicken and rice, steak",2.0,self employed,4,1.0,1,3,2.0,3.0,1.0,1.0,3,580.0,345,competitive skiing,4,1,1315,135
3.9,2,1,720,3.0,420.0,2,Chips sweets popcorn,Boredom,2.0,5.0,2,1.0,No diet. I eat what makes me feel good,2,2.0,More coffee less water ,1,7,1,3.0,5,1.0,3.0,Contract negotiations,Chinese,4,1.0,Sloppy joes,1,5,1,5,1,All food groups,Whatever makes me feel good. Doesnt cost a fortune. ,8,6.0,4,5,3.0,1.0,"Chicken and vegetables, Roast Beef, pasta",2.0,none,4,1.0,1,3,4.0,2.0,1.0,1.0,5,1165.0,850,"Rowing, Running, and Cycling",4,2,1315,145
3.5,1,2,610,3.0,420.0,1,"cake, French fries, chicken nuggets","boredom, sadness",2.0,3.0,2,1.0,"I eat fruits, dairy and carbs ",2,2.0,convenience food ,1,3,3,3.0,4,1.0,4.0,IT,Italian,1,1.0,"chicken fingers, pasta, pizza",1,4,4,4,2,all elements of food pyramid,a colorful diet,3,4.0,4,5,2.0,2.0,"steak, mashed potatoes, vegetables ",4.0,secretary ,2,1.0,3,5,4.0,4.0,2.0,1.0,4,725.0,500,softball and basketball,2,2,900,190
3.83,1,1,720,3.0,420.0,2,"Pasta dishes, Cheesecake, Pancakes","Sadness, Loneliness, Boredom",3.0,1.0,3,1.0,I eat a paleo based diet high in protein and low in fat. I stay away from processed foods as much as I can.,1,2.0,"Huge changes have occurred. I eat far healthier, less processed  food, less dense carbohydrates and way more vegetables and fruits.",2,5,2,3.0,5,1.0,4.0,Solar Engineering ,Mexican cuisine,2,3.0,Spaghetti and Pop-tarts,1,5,2,5,9,Mostly vegetables and plenty of lean protein and healthy fats to keep you full,Staying away from processed foods completely and incorporating more plant proteins opposed to meat proteins would be ideals.,5,5.0,5,5,9.0,2.0,"Stuffed chicken breasts, spagetti carbonara, breakfast for dinner ",3.0,Yoga Instructor ,5,1.0,1,3,4.0,2.0,1.0,1.0,5,725.0,690,Collegiate Water Polo,5,1,760,167
2.6,1,1,265,3.0,315.0,2,"Ice cream, pizza, cookies",Mostly Stress,1.0,3.0,1,1.0,I try to eat something light for breakfast like cereal or an apple. For lunch I eat sandwiches or pasta also something somewhat light and I eat however much I'm hungry for at dinner. Sometimes I try to be healthy with a salad or something and then I get dessert ,3,2.0,I eat way too often and way too much x,1,2,3,2.0,3,3.0,5.0,Lawyer,Asian,4,3.0,"Pasta, breakfast for dinner, pizza",1,5,1,4,7,"Lots of Greens, meat and water","Healthy smoothies for breakfast, healthy sandwich for lunch. For dinner, something wholesome and also healthy. Then a light dessert.",5,6.0,2,5,7.0,2.0,"Pasta, breakfast for dinner, pizza",3.0,Nurse,3,1.0,2,3,3.0,3.0,1.0,2.0,3,580.0,500,None right now,4,1,760,140
3,1,1,610,3.0,420.0,2,"Chinese food, moes, sponge candy, homemade lasagne ","boredom, sadness ",2.0,2.0,2,1.0,Eat fruits and vegetables daily and with almost every meal. Diet mostly consists of meat as well. ,1,2.0,Less snacking ,2,5,1,3.0,4,2.0,2.0,Service Technition,Chinese food,4,3.0,"peanut butter and jelly, celery and peanut butter, hot pockets ",1,5,1,4,3,Small portion of meat with majority fruits or vegetables ,More organic food. Want to try and add more seafood into my diet.  ,5,6.0,4,5,1.0,1.0,"Pizza, Chicken and rice and pasta",4.0,Sales Manager at Business First,5,1.0,1,3,3.0,4.0,1.0,1.0,4,580.0,500,"volleyball, lacrosse",4,1,900,190
3.2,2,1,720,3.0,420.0,1,"pizza, pasta, mac and cheese",when i am sad or craving,3.0,4.0,3,1.0,I try to eat healthy but sometimes drink soda pop and I enjoy desserts. harder to eat healthy when I am at school. ,2,2.0,"less healthy because of less options, money and time.",1,3,2,2.0,3,1.0,4.0,engineer ,mac and cheese,5,2.0,pizza,1,4,2,1,5,lots of variety and veggies,Eating healthy with lots of water and natural foods. ,2,6.0,1,5,4.0,1.0,"Pasta, pizza, and chicken",5.0,principal ,2,1.0,1,3,1.0,4.0,1.0,1.0,1,1165.0,690,field hockey,4,1,1315,155
3.8,1,2,610,2.0,420.0,2,"Macaroni and cheese, chicken noodle soup, pizza",Boredom and stress,2.0,2.0,2,1.0,I eat very basic foods like pizza and pasta. I don't try many new things. ,2,2.0,"Home cooked meals and a lot more difficult to have at college. It's typically quick, on the go foods. ",1,3,3,2.0,2,2.0,5.0,Teacher,American,5,3.0,"Pasta, chicken, pizza ",1,2,3,1,5,Very colorful and smaller portions of the unhealthy food with larger portions of vegetables ,Ideally I would eat more fruits and vegetables in my diet along with some junk food. ,2,6.0,1,4,2.0,2.0,"Pasta, chicken, pizza ",5.0,Teacher,3,2.0,3,3,1.0,3.0,1.0,2.0,1,725.0,500,crew,1,2,900,135
3.92,2,1,430,3.0,420.0,2,"Ice cream, cake, pop, pizza, and milkshakes.","Happiness, sadness, celebration.",7.0,2.0,7,2.0,Currently whatever Egan has at the moment.,2,2.0,I've eaten more fruits and vegetables. Started eating seafood.,2,5,2,2.0,4,2.0,2.0,Delivery Man For Fritolay,Italian,1,3.0,Pizza,1,3,1,3,2,Modest proportions of many different food groups.,"Variety of fruits, vegetables, and meats in healthy proportion.",2,6.0,3,5,8.0,1.0,"Pizza, chicken, pasta",5.0,Special Ed Teacher,2,1.0,2,3,3.0,6.0,1.0,2.0,3,725.0,500,Soccer,2,1,900,210
3.7,1,1,610,3.0,420.0,2,"dark chocolate, terra chips, reese's cups(dark chocolate), and bread/crackers with cottage cheese","Anxiousness, watching TV I desire ""comfort food"" ",8.0,2.0,5,1.0,I have been eating mainly proteins and some fruits and vegetables every day with some less healthy snack foods.  ,1,1.0,"Coming to college I have ate less well colored meals each day due to lack of income and desire to save money. I used to eat more fruits and vegetables, more chicken and salmon, now these habits have lightened up and are not as frequent and regular in the week. I have also started eating more bread and dairy products.",1,3,2,2.0,5,2.0,4.0,GE Salesman,Indian food,8,1.0,Tortellini and Broccoli with parmesan cheese and homemade breaded chicken with sweet potato,1,5,3,3,4,"Salmon, sweet potato, and larger portion, but equally spread of broccoli, squash, zucchini, carrots, and tomatoes.","I would like my diet to fulfill all the colors of the rainbow, with mainly fruits and vegetables as the primary source of intake, and about one fourth intake of proteins, and little to no snacks per day.  ",2,4.0,5,5,8.0,1.0,"Spaghetti and pasta, seasoned salmon with steamed or boiled broccoli, or soup with ritz crackers if I was busy that day.",4.0,Respiratory Therapist,4,1.0,2,3,3.0,6.0,1.0,2.0,3,725.0,345,"When I can, rarely though play pool, darts, and basketball.",5,1,760,130
